epoch, batch, loss
0, 0, 1.4082485437393188
0, 1, 1.40371835231781
0, 2, 1.3997042179107666
0, 3, 1.3955250978469849
0, 4, 1.3915077447891235
0, 5, 1.3878546953201294
0, 6, 1.3855326175689697
0, 7, 1.3795337677001953
0, 8, 1.3770253658294678
0, 9, 1.3730968236923218
0, 10, 1.36857008934021
0, 11, 1.365695595741272
0, 12, 1.3632620573043823
0, 13, 1.3613829612731934
0, 14, 1.3582907915115356
0, 15, 1.3572325706481934
0, 16, 1.3544367551803589
0, 17, 1.3525809049606323
0, 18, 1.351452350616455
0, 19, 1.348073959350586
0, 20, 1.346584677696228
0, 21, 1.3454773426055908
0, 22, 1.3430131673812866
0, 23, 1.3416496515274048
0, 24, 1.3396235704421997
0, 25, 1.3390895128250122
0, 26, 1.3366014957427979
0, 27, 1.3357832431793213
0, 28, 1.3349695205688477
0, 29, 1.3338373899459839
0, 30, 1.3322582244873047
0, 31, 1.3313593864440918
0, 32, 1.3303496837615967
0, 33, 1.328757405281067
0, 34, 1.3285677433013916
0, 35, 1.3271359205245972
0, 36, 1.325695514678955
0, 37, 1.324641466140747
0, 38, 1.323607087135315
0, 39, 1.3235565423965454
0, 40, 1.3227274417877197
0, 41, 1.321671485900879
0, 42, 1.322200059890747
0, 43, 1.320595383644104
0, 44, 1.3203200101852417
0, 45, 1.3202849626541138
0, 46, 1.3198970556259155
0, 47, 1.3192662000656128
0, 48, 1.3183190822601318
0, 49, 1.3182764053344727
1, 0, 1.3188426494598389
1, 1, 1.3173606395721436
1, 2, 1.317649006843567
1, 3, 1.3171472549438477
1, 4, 1.317792296409607
1, 5, 1.3171268701553345
1, 6, 1.3167351484298706
1, 7, 1.3158525228500366
1, 8, 1.3155450820922852
1, 9, 1.316616415977478
1, 10, 1.316002368927002
1, 11, 1.3163344860076904
1, 12, 1.316383719444275
1, 13, 1.3154044151306152
1, 14, 1.3163025379180908
1, 15, 1.3156654834747314
1, 16, 1.3148397207260132
1, 17, 1.3151252269744873
1, 18, 1.3152003288269043
1, 19, 1.3156328201293945
1, 20, 1.3153597116470337
1, 21, 1.3159154653549194
1, 22, 1.3143662214279175
1, 23, 1.3151075839996338
1, 24, 1.314763069152832
1, 25, 1.315400242805481
1, 26, 1.3142138719558716
1, 27, 1.3152050971984863
1, 28, 1.3143210411071777
1, 29, 1.3145018815994263
1, 30, 1.3147249221801758
1, 31, 1.3144067525863647
1, 32, 1.3140208721160889
1, 33, 1.3142950534820557
1, 34, 1.3143938779830933
1, 35, 1.3140285015106201
1, 36, 1.3138844966888428
1, 37, 1.3139411211013794
1, 38, 1.3145023584365845
1, 39, 1.3144632577896118
1, 40, 1.3142558336257935
1, 41, 1.3136179447174072
1, 42, 1.3142277002334595
1, 43, 1.3135586977005005
1, 44, 1.3144097328186035
1, 45, 1.3140535354614258
1, 46, 1.314011812210083
1, 47, 1.3137054443359375
1, 48, 1.313378095626831
1, 49, 1.3137286901474
2, 0, 1.314976692199707
2, 1, 1.3141186237335205
2, 2, 1.3138201236724854
2, 3, 1.3137232065200806
2, 4, 1.3136262893676758
2, 5, 1.3133937120437622
2, 6, 1.313916563987732
2, 7, 1.3132092952728271
2, 8, 1.3141263723373413
2, 9, 1.3141331672668457
2, 10, 1.3137118816375732
2, 11, 1.3133374452590942
2, 12, 1.3135812282562256
2, 13, 1.313246250152588
2, 14, 1.3132715225219727
2, 15, 1.313739538192749
2, 16, 1.3137682676315308
2, 17, 1.3139585256576538
2, 18, 1.3140172958374023
2, 19, 1.3129867315292358
2, 20, 1.3142324686050415
2, 21, 1.3129186630249023
2, 22, 1.3132538795471191
2, 23, 1.3134088516235352
2, 24, 1.313378095626831
2, 25, 1.3129445314407349
2, 26, 1.3130384683609009
2, 27, 1.313147783279419
2, 28, 1.312951683998108
2, 29, 1.3135474920272827
2, 30, 1.313515543937683
2, 31, 1.3130067586898804
2, 32, 1.313240885734558
2, 33, 1.3137811422348022
2, 34, 1.3128700256347656
2, 35, 1.3137972354888916
2, 36, 1.3131989240646362
2, 37, 1.3137813806533813
2, 38, 1.3126188516616821
2, 39, 1.313347578048706
2, 40, 1.3131396770477295
2, 41, 1.3138904571533203
2, 42, 1.3133329153060913
2, 43, 1.313494086265564
2, 44, 1.3129634857177734
2, 45, 1.3128859996795654
2, 46, 1.313141107559204
2, 47, 1.3129243850708008
2, 48, 1.3129597902297974
2, 49, 1.3131104707717896
3, 0, 1.312085509300232
3, 1, 1.3135567903518677
3, 2, 1.3123189210891724
3, 3, 1.3130346536636353
3, 4, 1.3132503032684326
3, 5, 1.3135932683944702
3, 6, 1.3131136894226074
3, 7, 1.3129476308822632
3, 8, 1.3134329319000244
3, 9, 1.3136855363845825
3, 10, 1.3126349449157715
3, 11, 1.3131531476974487
3, 12, 1.3135319948196411
3, 13, 1.3127151727676392
3, 14, 1.3135592937469482
3, 15, 1.3135586977005005
3, 16, 1.3135532140731812
3, 17, 1.3132277727127075
3, 18, 1.313373327255249
3, 19, 1.3130916357040405
3, 20, 1.3122777938842773
3, 21, 1.3126544952392578
3, 22, 1.312986135482788
3, 23, 1.3129611015319824
3, 24, 1.3131731748580933
3, 25, 1.3130848407745361
3, 26, 1.3126652240753174
3, 27, 1.3134413957595825
3, 28, 1.313218355178833
3, 29, 1.312695860862732
3, 30, 1.3128713369369507
3, 31, 1.3131139278411865
3, 32, 1.313037395477295
3, 33, 1.3129957914352417
3, 34, 1.3134186267852783
3, 35, 1.3132344484329224
3, 36, 1.3133881092071533
3, 37, 1.3131657838821411
3, 38, 1.3129414319992065
3, 39, 1.3133021593093872
3, 40, 1.3126699924468994
3, 41, 1.3129711151123047
3, 42, 1.3128465414047241
3, 43, 1.312684416770935
3, 44, 1.3132480382919312
3, 45, 1.3129171133041382
3, 46, 1.3132941722869873
3, 47, 1.3129196166992188
3, 48, 1.312496542930603
3, 49, 1.31204092502594
4, 0, 1.3134102821350098
4, 1, 1.31243097782135
4, 2, 1.3127400875091553
4, 3, 1.3132026195526123
4, 4, 1.3124130964279175
4, 5, 1.3129991292953491
4, 6, 1.312862515449524
4, 7, 1.3126015663146973
4, 8, 1.3125531673431396
4, 9, 1.3128820657730103
4, 10, 1.3130578994750977
4, 11, 1.312353253364563
4, 12, 1.3136584758758545
4, 13, 1.3126776218414307
4, 14, 1.3130491971969604
4, 15, 1.3124282360076904
4, 16, 1.3124375343322754
4, 17, 1.3128453493118286
4, 18, 1.3124773502349854
4, 19, 1.3129386901855469
4, 20, 1.3131381273269653
4, 21, 1.313297152519226
4, 22, 1.3121652603149414
4, 23, 1.312881350517273
4, 24, 1.3127304315567017
4, 25, 1.3127858638763428
4, 26, 1.3120802640914917
4, 27, 1.3131003379821777
4, 28, 1.312846302986145
4, 29, 1.3130072355270386
4, 30, 1.313171625137329
4, 31, 1.3130875825881958
4, 32, 1.3129907846450806
4, 33, 1.3129236698150635
4, 34, 1.3120774030685425
4, 35, 1.3122239112854004
4, 36, 1.3124780654907227
4, 37, 1.3123598098754883
4, 38, 1.3126211166381836
4, 39, 1.3121898174285889
4, 40, 1.3133208751678467
4, 41, 1.3124253749847412
4, 42, 1.312488317489624
4, 43, 1.312859058380127
4, 44, 1.3124022483825684
4, 45, 1.3129884004592896
4, 46, 1.3130691051483154
4, 47, 1.3127055168151855
4, 48, 1.313050389289856
4, 49, 1.3126643896102905
5, 0, 1.3122663497924805
5, 1, 1.312698483467102
5, 2, 1.3122059106826782
5, 3, 1.3124909400939941
5, 4, 1.3125354051589966
5, 5, 1.313110589981079
5, 6, 1.3124905824661255
5, 7, 1.3126572370529175
5, 8, 1.312569260597229
5, 9, 1.3126435279846191
5, 10, 1.313701868057251
5, 11, 1.312488079071045
5, 12, 1.3124430179595947
5, 13, 1.3123822212219238
5, 14, 1.3124196529388428
5, 15, 1.312152624130249
5, 16, 1.3129767179489136
5, 17, 1.3128950595855713
5, 18, 1.3118455410003662
5, 19, 1.3128211498260498
5, 20, 1.3123395442962646
5, 21, 1.3130016326904297
5, 22, 1.312692642211914
5, 23, 1.3125567436218262
5, 24, 1.312809944152832
5, 25, 1.313422441482544
5, 26, 1.3130364418029785
5, 27, 1.312003493309021
5, 28, 1.312188744544983
5, 29, 1.312374234199524
5, 30, 1.3129301071166992
5, 31, 1.3127676248550415
5, 32, 1.3125978708267212
5, 33, 1.3125580549240112
5, 34, 1.3133217096328735
5, 35, 1.3126288652420044
5, 36, 1.3123066425323486
5, 37, 1.312318205833435
5, 38, 1.3125287294387817
5, 39, 1.3125780820846558
5, 40, 1.3125624656677246
5, 41, 1.3125578165054321
5, 42, 1.3123095035552979
5, 43, 1.3122748136520386
5, 44, 1.3131693601608276
5, 45, 1.3130289316177368
5, 46, 1.3123103380203247
5, 47, 1.3131881952285767
5, 48, 1.3127392530441284
5, 49, 1.3128653764724731
6, 0, 1.3116837739944458
6, 1, 1.3125587701797485
6, 2, 1.3122609853744507
6, 3, 1.313070297241211
6, 4, 1.3123326301574707
6, 5, 1.3128103017807007
6, 6, 1.3127717971801758
6, 7, 1.3124513626098633
6, 8, 1.3121435642242432
6, 9, 1.3129050731658936
6, 10, 1.31209135055542
6, 11, 1.312371015548706
6, 12, 1.31290864944458
6, 13, 1.312812089920044
6, 14, 1.312588095664978
6, 15, 1.312511920928955
6, 16, 1.3121618032455444
6, 17, 1.3124374151229858
6, 18, 1.3125932216644287
6, 19, 1.3116880655288696
6, 20, 1.3116681575775146
6, 21, 1.311769962310791
6, 22, 1.3131011724472046
6, 23, 1.3120715618133545
6, 24, 1.312981367111206
6, 25, 1.3120781183242798
6, 26, 1.3125404119491577
6, 27, 1.3127280473709106
6, 28, 1.312070608139038
6, 29, 1.3126269578933716
6, 30, 1.312146544456482
6, 31, 1.3124122619628906
6, 32, 1.3116620779037476
6, 33, 1.3118165731430054
6, 34, 1.3124359846115112
6, 35, 1.3124089241027832
6, 36, 1.3128488063812256
6, 37, 1.3123842477798462
6, 38, 1.3122844696044922
6, 39, 1.3127871751785278
6, 40, 1.3118698596954346
6, 41, 1.3125109672546387
6, 42, 1.312347650527954
6, 43, 1.312298059463501
6, 44, 1.3124914169311523
6, 45, 1.3122563362121582
6, 46, 1.3121252059936523
6, 47, 1.3123207092285156
6, 48, 1.3123539686203003
6, 49, 1.3129205703735352
7, 0, 1.3127686977386475
7, 1, 1.3122769594192505
7, 2, 1.3123551607131958
7, 3, 1.3125321865081787
7, 4, 1.3125121593475342
7, 5, 1.3120988607406616
7, 6, 1.3126312494277954
7, 7, 1.3127611875534058
7, 8, 1.3126091957092285
7, 9, 1.3123910427093506
7, 10, 1.3127700090408325
7, 11, 1.3125678300857544
7, 12, 1.3122668266296387
7, 13, 1.3129081726074219
7, 14, 1.3121922016143799
7, 15, 1.3121826648712158
7, 16, 1.3119571208953857
7, 17, 1.3119465112686157
7, 18, 1.31267511844635
7, 19, 1.3120115995407104
7, 20, 1.3121991157531738
7, 21, 1.3124293088912964
7, 22, 1.311956524848938
7, 23, 1.3121663331985474
7, 24, 1.3123772144317627
7, 25, 1.3115730285644531
7, 26, 1.3125475645065308
7, 27, 1.3118045330047607
7, 28, 1.3127281665802002
7, 29, 1.3120718002319336
7, 30, 1.3123843669891357
7, 31, 1.3121579885482788
7, 32, 1.312110185623169
7, 33, 1.3117461204528809
7, 34, 1.3123111724853516
7, 35, 1.3120559453964233
7, 36, 1.3124889135360718
7, 37, 1.3121567964553833
7, 38, 1.3126507997512817
7, 39, 1.3126236200332642
7, 40, 1.3121311664581299
7, 41, 1.3119925260543823
7, 42, 1.3119621276855469
7, 43, 1.312288522720337
7, 44, 1.312493920326233
7, 45, 1.3117581605911255
7, 46, 1.3122807741165161
7, 47, 1.312826156616211
7, 48, 1.3132933378219604
7, 49, 1.3122109174728394
8, 0, 1.3122197389602661
8, 1, 1.3117594718933105
8, 2, 1.311752200126648
8, 3, 1.3126296997070312
8, 4, 1.3121036291122437
8, 5, 1.3123124837875366
8, 6, 1.3126773834228516
8, 7, 1.3126329183578491
8, 8, 1.311662197113037
8, 9, 1.312431812286377
8, 10, 1.3119356632232666
8, 11, 1.3123692274093628
8, 12, 1.3126018047332764
8, 13, 1.3120815753936768
8, 14, 1.312876582145691
8, 15, 1.3124768733978271
8, 16, 1.312276840209961
8, 17, 1.3121339082717896
8, 18, 1.3120547533035278
8, 19, 1.3123751878738403
8, 20, 1.3124126195907593
8, 21, 1.312861442565918
8, 22, 1.3119750022888184
8, 23, 1.3121657371520996
8, 24, 1.3120933771133423
8, 25, 1.3123445510864258
8, 26, 1.3123477697372437
8, 27, 1.312209129333496
8, 28, 1.311941146850586
8, 29, 1.3124089241027832
8, 30, 1.312261939048767
8, 31, 1.312538743019104
8, 32, 1.3122941255569458
8, 33, 1.311901569366455
8, 34, 1.3122550249099731
8, 35, 1.3118396997451782
8, 36, 1.311983585357666
8, 37, 1.3123753070831299
8, 38, 1.31209397315979
8, 39, 1.3116556406021118
8, 40, 1.3122930526733398
8, 41, 1.3124412298202515
8, 42, 1.3125156164169312
8, 43, 1.3122437000274658
8, 44, 1.312466025352478
8, 45, 1.3127025365829468
8, 46, 1.312153697013855
8, 47, 1.311704158782959
8, 48, 1.3120348453521729
8, 49, 1.3130505084991455
9, 0, 1.3126763105392456
9, 1, 1.3125605583190918
9, 2, 1.312007188796997
9, 3, 1.3120453357696533
9, 4, 1.3119304180145264
9, 5, 1.3121410608291626
9, 6, 1.3123284578323364
9, 7, 1.3121702671051025
9, 8, 1.311763048171997
9, 9, 1.3124667406082153
9, 10, 1.3123785257339478
9, 11, 1.3121410608291626
9, 12, 1.3121715784072876
9, 13, 1.3125146627426147
9, 14, 1.3125200271606445
9, 15, 1.3125262260437012
9, 16, 1.3119194507598877
9, 17, 1.3123928308486938
9, 18, 1.3119795322418213
9, 19, 1.3126935958862305
9, 20, 1.3122650384902954
9, 21, 1.3126041889190674
9, 22, 1.3122637271881104
9, 23, 1.3125160932540894
9, 24, 1.3121888637542725
9, 25, 1.312164068222046
9, 26, 1.312806248664856
9, 27, 1.3119722604751587
9, 28, 1.3119510412216187
9, 29, 1.3125988245010376
9, 30, 1.3117806911468506
9, 31, 1.3126885890960693
9, 32, 1.3121953010559082
9, 33, 1.3120083808898926
9, 34, 1.3119451999664307
9, 35, 1.312263011932373
9, 36, 1.311919927597046
9, 37, 1.3113043308258057
9, 38, 1.3121339082717896
9, 39, 1.3122832775115967
9, 40, 1.3113590478897095
9, 41, 1.3122868537902832
9, 42, 1.3121681213378906
9, 43, 1.3121083974838257
9, 44, 1.3116871118545532
9, 45, 1.3119776248931885
9, 46, 1.3119269609451294
9, 47, 1.3117187023162842
9, 48, 1.311806082725525
9, 49, 1.3119583129882812
10, 0, 1.3122923374176025
10, 1, 1.3122403621673584
10, 2, 1.3121721744537354
10, 3, 1.3123126029968262
10, 4, 1.3122432231903076
10, 5, 1.3117785453796387
10, 6, 1.312221884727478
10, 7, 1.3125550746917725
10, 8, 1.3113811016082764
10, 9, 1.3122553825378418
10, 10, 1.312772512435913
10, 11, 1.312398076057434
10, 12, 1.3120602369308472
10, 13, 1.3121024370193481
10, 14, 1.311919927597046
10, 15, 1.3125485181808472
10, 16, 1.3123289346694946
10, 17, 1.3115426301956177
10, 18, 1.3126274347305298
10, 19, 1.3119399547576904
10, 20, 1.3123780488967896
10, 21, 1.3118058443069458
10, 22, 1.3125566244125366
10, 23, 1.3119899034500122
10, 24, 1.3125803470611572
10, 25, 1.3124439716339111
10, 26, 1.3113099336624146
10, 27, 1.311840534210205
10, 28, 1.3125865459442139
10, 29, 1.312099814414978
10, 30, 1.3124126195907593
10, 31, 1.3121575117111206
10, 32, 1.3120019435882568
10, 33, 1.312634825706482
10, 34, 1.312583327293396
10, 35, 1.3113176822662354
10, 36, 1.311594843864441
10, 37, 1.312729001045227
10, 38, 1.3113456964492798
10, 39, 1.3125303983688354
10, 40, 1.3116546869277954
10, 41, 1.3115661144256592
10, 42, 1.3117092847824097
10, 43, 1.3120630979537964
10, 44, 1.3122833967208862
10, 45, 1.31255304813385
10, 46, 1.3118504285812378
10, 47, 1.3123196363449097
10, 48, 1.3120468854904175
10, 49, 1.3128665685653687
11, 0, 1.3117707967758179
11, 1, 1.3116087913513184
11, 2, 1.3120938539505005
11, 3, 1.3120440244674683
11, 4, 1.3124505281448364
11, 5, 1.312260389328003
11, 6, 1.3125569820404053
11, 7, 1.3126182556152344
11, 8, 1.3123630285263062
11, 9, 1.311915397644043
11, 10, 1.312004804611206
11, 11, 1.3117600679397583
11, 12, 1.312035322189331
11, 13, 1.311058521270752
11, 14, 1.3121452331542969
11, 15, 1.3117247819900513
11, 16, 1.3117196559906006
11, 17, 1.312697410583496
11, 18, 1.311786413192749
11, 19, 1.3128384351730347
11, 20, 1.311911702156067
11, 21, 1.311248779296875
11, 22, 1.3123068809509277
11, 23, 1.3116060495376587
11, 24, 1.3120423555374146
11, 25, 1.311463475227356
11, 26, 1.3119322061538696
11, 27, 1.3120685815811157
11, 28, 1.312516212463379
11, 29, 1.3119778633117676
11, 30, 1.3117409944534302
11, 31, 1.3125807046890259
11, 32, 1.3116589784622192
11, 33, 1.3126839399337769
11, 34, 1.311794400215149
11, 35, 1.3122650384902954
11, 36, 1.3124725818634033
11, 37, 1.312027096748352
11, 38, 1.3120203018188477
11, 39, 1.3122073411941528
11, 40, 1.3118181228637695
11, 41, 1.3113332986831665
11, 42, 1.311851978302002
11, 43, 1.3114736080169678
11, 44, 1.311853289604187
11, 45, 1.3121798038482666
11, 46, 1.3119988441467285
11, 47, 1.3112318515777588
11, 48, 1.3121888637542725
11, 49, 1.3117234706878662
12, 0, 1.3119258880615234
12, 1, 1.311872124671936
12, 2, 1.3118131160736084
12, 3, 1.3118174076080322
12, 4, 1.3125392198562622
12, 5, 1.3117235898971558
12, 6, 1.312170147895813
12, 7, 1.3119598627090454
12, 8, 1.311589241027832
12, 9, 1.31193208694458
12, 10, 1.3120934963226318
12, 11, 1.3114428520202637
12, 12, 1.3118200302124023
12, 13, 1.3115273714065552
12, 14, 1.311889410018921
12, 15, 1.312151312828064
12, 16, 1.3123838901519775
12, 17, 1.3117419481277466
12, 18, 1.3118183612823486
12, 19, 1.3117680549621582
12, 20, 1.311623215675354
12, 21, 1.3122649192810059
12, 22, 1.3118716478347778
12, 23, 1.311527132987976
12, 24, 1.3123958110809326
12, 25, 1.3111498355865479
12, 26, 1.3114328384399414
12, 27, 1.3124830722808838
12, 28, 1.3112835884094238
12, 29, 1.3118171691894531
12, 30, 1.311750888824463
12, 31, 1.3123059272766113
12, 32, 1.3120617866516113
12, 33, 1.312652826309204
12, 34, 1.3114076852798462
12, 35, 1.3120499849319458
12, 36, 1.3118703365325928
12, 37, 1.3112990856170654
12, 38, 1.3112244606018066
12, 39, 1.3119831085205078
12, 40, 1.3120652437210083
12, 41, 1.3112053871154785
12, 42, 1.312108039855957
12, 43, 1.3119885921478271
12, 44, 1.3121329545974731
12, 45, 1.3121349811553955
12, 46, 1.3120747804641724
12, 47, 1.3117876052856445
12, 48, 1.3111340999603271
12, 49, 1.311635971069336
13, 0, 1.3111478090286255
13, 1, 1.311619520187378
13, 2, 1.3118653297424316
13, 3, 1.3120981454849243
13, 4, 1.3117200136184692
13, 5, 1.312394380569458
13, 6, 1.3117775917053223
13, 7, 1.312036395072937
13, 8, 1.3123420476913452
13, 9, 1.3120570182800293
13, 10, 1.3114409446716309
13, 11, 1.3119480609893799
13, 12, 1.3115239143371582
13, 13, 1.3122425079345703
13, 14, 1.3120008707046509
13, 15, 1.3117040395736694
13, 16, 1.3117921352386475
13, 17, 1.3125284910202026
13, 18, 1.3116432428359985
13, 19, 1.3115732669830322
13, 20, 1.3119432926177979
13, 21, 1.3116016387939453
13, 22, 1.3115848302841187
13, 23, 1.311874508857727
13, 24, 1.3113713264465332
13, 25, 1.3117492198944092
13, 26, 1.3122889995574951
13, 27, 1.311724305152893
13, 28, 1.311985731124878
13, 29, 1.3119330406188965
13, 30, 1.3123090267181396
13, 31, 1.3117856979370117
13, 32, 1.3123490810394287
13, 33, 1.3120242357254028
13, 34, 1.3116122484207153
13, 35, 1.3115079402923584
13, 36, 1.312396764755249
13, 37, 1.3118510246276855
13, 38, 1.3111512660980225
13, 39, 1.3117971420288086
13, 40, 1.312103509902954
13, 41, 1.3124064207077026
13, 42, 1.3123786449432373
13, 43, 1.3110387325286865
13, 44, 1.311302661895752
13, 45, 1.3119349479675293
13, 46, 1.3120347261428833
13, 47, 1.3117409944534302
13, 48, 1.3117337226867676
13, 49, 1.311726450920105
14, 0, 1.3120938539505005
14, 1, 1.3112926483154297
14, 2, 1.3116952180862427
14, 3, 1.3124600648880005
14, 4, 1.3117862939834595
14, 5, 1.3109737634658813
14, 6, 1.312078833580017
14, 7, 1.3119627237319946
14, 8, 1.3117129802703857
14, 9, 1.312819242477417
14, 10, 1.3115805387496948
14, 11, 1.3120073080062866
14, 12, 1.3122409582138062
14, 13, 1.311503291130066
14, 14, 1.3120487928390503
14, 15, 1.3123801946640015
14, 16, 1.3108547925949097
14, 17, 1.3124202489852905
14, 18, 1.3120789527893066
14, 19, 1.3114219903945923
14, 20, 1.3117947578430176
14, 21, 1.3119914531707764
14, 22, 1.3116600513458252
14, 23, 1.3115922212600708
14, 24, 1.3115251064300537
14, 25, 1.3119049072265625
14, 26, 1.3119393587112427
14, 27, 1.311761498451233
14, 28, 1.3113888502120972
14, 29, 1.3115241527557373
14, 30, 1.3113526105880737
14, 31, 1.312104344367981
14, 32, 1.3121322393417358
14, 33, 1.3118106126785278
14, 34, 1.3115805387496948
14, 35, 1.3122392892837524
14, 36, 1.3114081621170044
14, 37, 1.3113981485366821
14, 38, 1.311848521232605
14, 39, 1.311800479888916
14, 40, 1.3123875856399536
14, 41, 1.3125154972076416
14, 42, 1.311898112297058
14, 43, 1.312017560005188
14, 44, 1.3115335702896118
14, 45, 1.3117974996566772
14, 46, 1.3115864992141724
14, 47, 1.311810851097107
14, 48, 1.3116929531097412
14, 49, 1.3113301992416382
15, 0, 1.3117709159851074
15, 1, 1.3115959167480469
15, 2, 1.3121377229690552
15, 3, 1.3114334344863892
15, 4, 1.3121516704559326
15, 5, 1.3113019466400146
15, 6, 1.3116891384124756
15, 7, 1.3124674558639526
15, 8, 1.3115116357803345
15, 9, 1.31208336353302
15, 10, 1.3111145496368408
15, 11, 1.3118170499801636
15, 12, 1.3119304180145264
15, 13, 1.3111953735351562
15, 14, 1.311794638633728
15, 15, 1.3118259906768799
15, 16, 1.3118362426757812
15, 17, 1.3118764162063599
15, 18, 1.3117892742156982
15, 19, 1.3121901750564575
15, 20, 1.311721682548523
15, 21, 1.3111120462417603
15, 22, 1.312309980392456
15, 23, 1.3122825622558594
15, 24, 1.3114993572235107
15, 25, 1.3116258382797241
15, 26, 1.3122211694717407
15, 27, 1.3121180534362793
15, 28, 1.3114218711853027
15, 29, 1.3116849660873413
15, 30, 1.3120143413543701
15, 31, 1.312738060951233
15, 32, 1.3123375177383423
15, 33, 1.3117274045944214
15, 34, 1.3114593029022217
15, 35, 1.31175696849823
15, 36, 1.3119672536849976
15, 37, 1.31129789352417
15, 38, 1.3120859861373901
15, 39, 1.311144471168518
15, 40, 1.31206476688385
15, 41, 1.311635971069336
15, 42, 1.311774492263794
15, 43, 1.3119826316833496
15, 44, 1.31156587600708
15, 45, 1.3115893602371216
15, 46, 1.3113232851028442
15, 47, 1.3122389316558838
15, 48, 1.3117187023162842
15, 49, 1.3112199306488037
16, 0, 1.3117121458053589
16, 1, 1.3124388456344604
16, 2, 1.3117868900299072
16, 3, 1.3118871450424194
16, 4, 1.3123239278793335
16, 5, 1.311584711074829
16, 6, 1.3121105432510376
16, 7, 1.3115230798721313
16, 8, 1.3114193677902222
16, 9, 1.311608910560608
16, 10, 1.311402678489685
16, 11, 1.3117072582244873
16, 12, 1.311961054801941
16, 13, 1.3119722604751587
16, 14, 1.3111753463745117
16, 15, 1.311476707458496
16, 16, 1.3117423057556152
16, 17, 1.311479091644287
16, 18, 1.3109298944473267
16, 19, 1.3121086359024048
16, 20, 1.3120572566986084
16, 21, 1.311862587928772
16, 22, 1.311922550201416
16, 23, 1.311672329902649
16, 24, 1.3123432397842407
16, 25, 1.3116098642349243
16, 26, 1.3118648529052734
16, 27, 1.3115555047988892
16, 28, 1.3113558292388916
16, 29, 1.3111212253570557
16, 30, 1.3115347623825073
16, 31, 1.3117972612380981
16, 32, 1.3113124370574951
16, 33, 1.3116074800491333
16, 34, 1.3121039867401123
16, 35, 1.311437964439392
16, 36, 1.311821460723877
16, 37, 1.3117047548294067
16, 38, 1.3116322755813599
16, 39, 1.3108437061309814
16, 40, 1.311487078666687
16, 41, 1.3119810819625854
16, 42, 1.3118199110031128
16, 43, 1.3120734691619873
16, 44, 1.3113456964492798
16, 45, 1.3118817806243896
16, 46, 1.3122478723526
16, 47, 1.311497449874878
16, 48, 1.3117831945419312
16, 49, 1.3120399713516235
17, 0, 1.311489462852478
17, 1, 1.3116456270217896
17, 2, 1.3113954067230225
17, 3, 1.311130166053772
17, 4, 1.3120018243789673
17, 5, 1.3116607666015625
17, 6, 1.311213731765747
17, 7, 1.311919927597046
17, 8, 1.3113064765930176
17, 9, 1.310564637184143
17, 10, 1.3112560510635376
17, 11, 1.3116497993469238
17, 12, 1.3112781047821045
17, 13, 1.3115984201431274
17, 14, 1.311988115310669
17, 15, 1.3117334842681885
17, 16, 1.3114463090896606
17, 17, 1.3118269443511963
17, 18, 1.3121622800827026
17, 19, 1.3113467693328857
17, 20, 1.3115304708480835
17, 21, 1.3113534450531006
17, 22, 1.3124909400939941
17, 23, 1.3118555545806885
17, 24, 1.311737060546875
17, 25, 1.311216950416565
17, 26, 1.3113287687301636
17, 27, 1.3121099472045898
17, 28, 1.3116666078567505
17, 29, 1.312069058418274
17, 30, 1.311181902885437
17, 31, 1.3110343217849731
17, 32, 1.3114123344421387
17, 33, 1.3114441633224487
17, 34, 1.3115410804748535
17, 35, 1.3115431070327759
17, 36, 1.3116525411605835
17, 37, 1.3123657703399658
17, 38, 1.312087893486023
17, 39, 1.311700463294983
17, 40, 1.312132716178894
17, 41, 1.3120968341827393
17, 42, 1.3113956451416016
17, 43, 1.3116092681884766
17, 44, 1.3117105960845947
17, 45, 1.3115935325622559
17, 46, 1.3117930889129639
17, 47, 1.3118137121200562
17, 48, 1.3117152452468872
17, 49, 1.3118722438812256
18, 0, 1.312394618988037
18, 1, 1.3114089965820312
18, 2, 1.3121542930603027
18, 3, 1.3117437362670898
18, 4, 1.3119815587997437
18, 5, 1.3115259408950806
18, 6, 1.311810851097107
18, 7, 1.311871886253357
18, 8, 1.3115389347076416
18, 9, 1.3114900588989258
18, 10, 1.3117389678955078
18, 11, 1.311784267425537
18, 12, 1.3115971088409424
18, 13, 1.3112399578094482
18, 14, 1.3123607635498047
18, 15, 1.3113986253738403
18, 16, 1.3121815919876099
18, 17, 1.3115806579589844
18, 18, 1.3115962743759155
18, 19, 1.312045931816101
18, 20, 1.311639428138733
18, 21, 1.3116897344589233
18, 22, 1.31196928024292
18, 23, 1.3108752965927124
18, 24, 1.311691403388977
18, 25, 1.3114473819732666
18, 26, 1.3110604286193848
18, 27, 1.3112596273422241
18, 28, 1.311320424079895
18, 29, 1.3121029138565063
18, 30, 1.3122237920761108
18, 31, 1.3110640048980713
18, 32, 1.3116296529769897
18, 33, 1.311960220336914
18, 34, 1.31197988986969
18, 35, 1.3117505311965942
18, 36, 1.311549186706543
18, 37, 1.3116123676300049
18, 38, 1.3118184804916382
18, 39, 1.3119986057281494
18, 40, 1.3113794326782227
18, 41, 1.311441421508789
18, 42, 1.3121570348739624
18, 43, 1.311789870262146
18, 44, 1.3114864826202393
18, 45, 1.311731219291687
18, 46, 1.3120454549789429
18, 47, 1.3119348287582397
18, 48, 1.3112585544586182
18, 49, 1.3116439580917358
19, 0, 1.31093430519104
19, 1, 1.3118903636932373
19, 2, 1.311767816543579
19, 3, 1.3118064403533936
19, 4, 1.311558723449707
19, 5, 1.311050295829773
19, 6, 1.3120548725128174
19, 7, 1.311899185180664
19, 8, 1.3115777969360352
19, 9, 1.3121592998504639
19, 10, 1.3114274740219116
19, 11, 1.311201572418213
19, 12, 1.3123767375946045
19, 13, 1.3114707469940186
19, 14, 1.3118340969085693
19, 15, 1.312012791633606
19, 16, 1.311982274055481
19, 17, 1.3116974830627441
19, 18, 1.3115664720535278
19, 19, 1.312058925628662
19, 20, 1.3114138841629028
19, 21, 1.3110309839248657
19, 22, 1.311824083328247
19, 23, 1.3118482828140259
19, 24, 1.3117626905441284
19, 25, 1.310733437538147
19, 26, 1.311118483543396
19, 27, 1.3119808435440063
19, 28, 1.311627984046936
19, 29, 1.3110036849975586
19, 30, 1.311274528503418
19, 31, 1.3113235235214233
19, 32, 1.3120211362838745
19, 33, 1.3117330074310303
19, 34, 1.3117313385009766
19, 35, 1.3111274242401123
19, 36, 1.3120148181915283
19, 37, 1.3114975690841675
19, 38, 1.31172776222229
19, 39, 1.3112642765045166
19, 40, 1.3117867708206177
19, 41, 1.311853289604187
19, 42, 1.3114268779754639
19, 43, 1.3115254640579224
19, 44, 1.3111876249313354
19, 45, 1.312059760093689
19, 46, 1.31234872341156
19, 47, 1.3122152090072632
19, 48, 1.3114317655563354
19, 49, 1.31169855594635
20, 0, 1.3122880458831787
20, 1, 1.3118023872375488
20, 2, 1.3115733861923218
20, 3, 1.3120518922805786
20, 4, 1.3115098476409912
20, 5, 1.311479926109314
20, 6, 1.3116297721862793
20, 7, 1.3115041255950928
20, 8, 1.3121165037155151
20, 9, 1.311076045036316
20, 10, 1.3117663860321045
20, 11, 1.3120306730270386
20, 12, 1.3115484714508057
20, 13, 1.311405062675476
20, 14, 1.311936855316162
20, 15, 1.311830759048462
20, 16, 1.3110533952713013
20, 17, 1.3120301961898804
20, 18, 1.3118746280670166
20, 19, 1.3115313053131104
20, 20, 1.3118394613265991
20, 21, 1.3112337589263916
20, 22, 1.3117671012878418
20, 23, 1.3112177848815918
20, 24, 1.3108683824539185
20, 25, 1.311983585357666
20, 26, 1.3111778497695923
20, 27, 1.3111801147460938
20, 28, 1.311722993850708
20, 29, 1.311690092086792
20, 30, 1.3109468221664429
20, 31, 1.3121401071548462
20, 32, 1.311421513557434
20, 33, 1.311411738395691
20, 34, 1.31205153465271
20, 35, 1.3119583129882812
20, 36, 1.3117597103118896
20, 37, 1.3115782737731934
20, 38, 1.311374545097351
20, 39, 1.3116068840026855
20, 40, 1.3109381198883057
20, 41, 1.3118971586227417
20, 42, 1.3117523193359375
20, 43, 1.311982274055481
20, 44, 1.3114272356033325
20, 45, 1.3117355108261108
20, 46, 1.31160569190979
20, 47, 1.3118715286254883
20, 48, 1.3115907907485962
20, 49, 1.311466097831726
21, 0, 1.3111923933029175
21, 1, 1.311402678489685
21, 2, 1.3109797239303589
21, 3, 1.3114395141601562
21, 4, 1.3114653825759888
21, 5, 1.3112801313400269
21, 6, 1.3122469186782837
21, 7, 1.3116995096206665
21, 8, 1.311995506286621
21, 9, 1.3110005855560303
21, 10, 1.310928463935852
21, 11, 1.3121567964553833
21, 12, 1.3113572597503662
21, 13, 1.3111704587936401
21, 14, 1.3122798204421997
21, 15, 1.3118635416030884
21, 16, 1.3116387128829956
21, 17, 1.3116673231124878
21, 18, 1.3118958473205566
21, 19, 1.3122727870941162
21, 20, 1.3116021156311035
21, 21, 1.3115357160568237
21, 22, 1.311584234237671
21, 23, 1.311558485031128
21, 24, 1.3118009567260742
21, 25, 1.3116282224655151
21, 26, 1.3116648197174072
21, 27, 1.3116893768310547
21, 28, 1.3116979598999023
21, 29, 1.311746597290039
21, 30, 1.3114086389541626
21, 31, 1.3118104934692383
21, 32, 1.3115801811218262
21, 33, 1.3116145133972168
21, 34, 1.311382532119751
21, 35, 1.311646580696106
21, 36, 1.311174750328064
21, 37, 1.3117116689682007
21, 38, 1.312159776687622
21, 39, 1.3118410110473633
21, 40, 1.311854362487793
21, 41, 1.3118780851364136
21, 42, 1.3108891248703003
21, 43, 1.3117265701293945
21, 44, 1.3117140531539917
21, 45, 1.311577558517456
21, 46, 1.3115715980529785
21, 47, 1.3114097118377686
21, 48, 1.3114991188049316
21, 49, 1.31157386302948
22, 0, 1.3113147020339966
22, 1, 1.3116464614868164
22, 2, 1.3119378089904785
22, 3, 1.3108707666397095
22, 4, 1.3114925622940063
22, 5, 1.3114510774612427
22, 6, 1.3118054866790771
22, 7, 1.3117923736572266
22, 8, 1.3106153011322021
22, 9, 1.3113465309143066
22, 10, 1.3111974000930786
22, 11, 1.3114513158798218
22, 12, 1.3110166788101196
22, 13, 1.3123352527618408
22, 14, 1.311550259590149
22, 15, 1.311910629272461
22, 16, 1.3115808963775635
22, 17, 1.3117003440856934
22, 18, 1.3114804029464722
22, 19, 1.3118647336959839
22, 20, 1.3117220401763916
22, 21, 1.3115806579589844
22, 22, 1.3120993375778198
22, 23, 1.3116837739944458
22, 24, 1.3113802671432495
22, 25, 1.3112742900848389
22, 26, 1.3114758729934692
22, 27, 1.3120548725128174
22, 28, 1.3116852045059204
22, 29, 1.3116284608840942
22, 30, 1.3115023374557495
22, 31, 1.3116507530212402
22, 32, 1.310914158821106
22, 33, 1.310867428779602
22, 34, 1.311522126197815
22, 35, 1.3115487098693848
22, 36, 1.3122249841690063
22, 37, 1.311338186264038
22, 38, 1.3116450309753418
22, 39, 1.3114240169525146
22, 40, 1.3109948635101318
22, 41, 1.3114497661590576
22, 42, 1.3122363090515137
22, 43, 1.3115465641021729
22, 44, 1.3117796182632446
22, 45, 1.311344027519226
22, 46, 1.3112438917160034
22, 47, 1.3115549087524414
22, 48, 1.311821460723877
22, 49, 1.3119710683822632
23, 0, 1.311110019683838
23, 1, 1.3115243911743164
23, 2, 1.3113716840744019
23, 3, 1.3115630149841309
23, 4, 1.311645269393921
23, 5, 1.3124092817306519
23, 6, 1.310964584350586
23, 7, 1.311667561531067
23, 8, 1.3118382692337036
23, 9, 1.3111746311187744
23, 10, 1.311601161956787
23, 11, 1.3122434616088867
23, 12, 1.3120197057724
23, 13, 1.311185359954834
23, 14, 1.3113040924072266
23, 15, 1.3111025094985962
23, 16, 1.311594843864441
23, 17, 1.312197208404541
23, 18, 1.3115581274032593
23, 19, 1.311429500579834
23, 20, 1.3113195896148682
23, 21, 1.3112730979919434
23, 22, 1.3112362623214722
23, 23, 1.3119815587997437
23, 24, 1.3124427795410156
23, 25, 1.3113453388214111
23, 26, 1.3115838766098022
23, 27, 1.3113770484924316
23, 28, 1.3117903470993042
23, 29, 1.3112913370132446
23, 30, 1.311506748199463
23, 31, 1.3116735219955444
23, 32, 1.3108041286468506
23, 33, 1.3123221397399902
23, 34, 1.3117587566375732
23, 35, 1.311531662940979
23, 36, 1.3118717670440674
23, 37, 1.3110873699188232
23, 38, 1.3110146522521973
23, 39, 1.3119382858276367
23, 40, 1.3118863105773926
23, 41, 1.3114129304885864
23, 42, 1.3113083839416504
23, 43, 1.3126226663589478
23, 44, 1.31133234500885
23, 45, 1.3112807273864746
23, 46, 1.312091588973999
23, 47, 1.31125009059906
23, 48, 1.3112413883209229
23, 49, 1.311825156211853
24, 0, 1.3114906549453735
24, 1, 1.312217354774475
24, 2, 1.3115077018737793
24, 3, 1.3119186162948608
24, 4, 1.3117362260818481
24, 5, 1.3112061023712158
24, 6, 1.3114690780639648
24, 7, 1.3115818500518799
24, 8, 1.3114640712738037
24, 9, 1.311316728591919
24, 10, 1.3111659288406372
24, 11, 1.3115780353546143
24, 12, 1.3118257522583008
24, 13, 1.3116083145141602
24, 14, 1.3117563724517822
24, 15, 1.3115314245224
24, 16, 1.3111963272094727
24, 17, 1.3108936548233032
24, 18, 1.3121349811553955
24, 19, 1.3111732006072998
24, 20, 1.311280369758606
24, 21, 1.311713695526123
24, 22, 1.3113073110580444
24, 23, 1.3115739822387695
24, 24, 1.3109039068222046
24, 25, 1.3116399049758911
24, 26, 1.3117883205413818
24, 27, 1.3117355108261108
24, 28, 1.3114938735961914
24, 29, 1.3110593557357788
24, 30, 1.3115514516830444
24, 31, 1.3107775449752808
24, 32, 1.311227798461914
24, 33, 1.3112443685531616
24, 34, 1.3120813369750977
24, 35, 1.311480164527893
24, 36, 1.3117618560791016
24, 37, 1.3116589784622192
24, 38, 1.311307430267334
24, 39, 1.3120442628860474
24, 40, 1.311383605003357
24, 41, 1.311826229095459
24, 42, 1.3111066818237305
24, 43, 1.3118213415145874
24, 44, 1.3111670017242432
24, 45, 1.3112422227859497
24, 46, 1.3119417428970337
24, 47, 1.3115923404693604
24, 48, 1.3111815452575684
24, 49, 1.311100959777832
25, 0, 1.3119962215423584
25, 1, 1.3110712766647339
25, 2, 1.311301827430725
25, 3, 1.311295509338379
25, 4, 1.3111625909805298
25, 5, 1.3114286661148071
25, 6, 1.3117595911026
25, 7, 1.312158226966858
25, 8, 1.3113290071487427
25, 9, 1.311225175857544
25, 10, 1.311497688293457
25, 11, 1.3112164735794067
25, 12, 1.3119088411331177
25, 13, 1.311822772026062
25, 14, 1.3120770454406738
25, 15, 1.310949683189392
25, 16, 1.3110811710357666
25, 17, 1.3108257055282593
25, 18, 1.311676263809204
25, 19, 1.3118797540664673
25, 20, 1.3110257387161255
25, 21, 1.3112589120864868
25, 22, 1.3112255334854126
25, 23, 1.3114597797393799
25, 24, 1.3114758729934692
25, 25, 1.3115150928497314
25, 26, 1.3118468523025513
25, 27, 1.3114404678344727
25, 28, 1.3120306730270386
25, 29, 1.3117191791534424
25, 30, 1.3124637603759766
25, 31, 1.3117865324020386
25, 32, 1.311560869216919
25, 33, 1.3110668659210205
25, 34, 1.3117280006408691
25, 35, 1.3115260601043701
25, 36, 1.3117001056671143
25, 37, 1.3112926483154297
25, 38, 1.3110647201538086
25, 39, 1.3120001554489136
25, 40, 1.3116340637207031
25, 41, 1.3117505311965942
25, 42, 1.3115909099578857
25, 43, 1.3112483024597168
25, 44, 1.3117815256118774
25, 45, 1.311275839805603
25, 46, 1.3117179870605469
25, 47, 1.3118757009506226
25, 48, 1.3113126754760742
25, 49, 1.3113510608673096
26, 0, 1.311037302017212
26, 1, 1.3113540410995483
26, 2, 1.3117916584014893
26, 3, 1.3117982149124146
26, 4, 1.3113573789596558
26, 5, 1.3110122680664062
26, 6, 1.3108750581741333
26, 7, 1.3110697269439697
26, 8, 1.3115204572677612
26, 9, 1.3112726211547852
26, 10, 1.3114092350006104
26, 11, 1.3116166591644287
26, 12, 1.3117269277572632
26, 13, 1.3119630813598633
26, 14, 1.3117327690124512
26, 15, 1.3109246492385864
26, 16, 1.3113116025924683
26, 17, 1.311460018157959
26, 18, 1.3115015029907227
26, 19, 1.311946988105774
26, 20, 1.3116401433944702
26, 21, 1.312044382095337
26, 22, 1.3119512796401978
26, 23, 1.3118427991867065
26, 24, 1.311630368232727
26, 25, 1.3114091157913208
26, 26, 1.3115239143371582
26, 27, 1.31210458278656
26, 28, 1.3111907243728638
26, 29, 1.3120043277740479
26, 30, 1.311631202697754
26, 31, 1.3115895986557007
26, 32, 1.3122156858444214
26, 33, 1.3114718198776245
26, 34, 1.3115748167037964
26, 35, 1.3115750551223755
26, 36, 1.31090247631073
26, 37, 1.3110980987548828
26, 38, 1.3117265701293945
26, 39, 1.311984896659851
26, 40, 1.3117533922195435
26, 41, 1.3110151290893555
26, 42, 1.310937523841858
26, 43, 1.3112294673919678
26, 44, 1.3109898567199707
26, 45, 1.3112179040908813
26, 46, 1.3113274574279785
26, 47, 1.3119480609893799
26, 48, 1.3120051622390747
26, 49, 1.311080813407898
27, 0, 1.3118793964385986
27, 1, 1.3121808767318726
27, 2, 1.3110350370407104
27, 3, 1.3118168115615845
27, 4, 1.311394453048706
27, 5, 1.311675786972046
27, 6, 1.311757206916809
27, 7, 1.311492919921875
27, 8, 1.3116943836212158
27, 9, 1.3111209869384766
27, 10, 1.3115352392196655
27, 11, 1.3115087747573853
27, 12, 1.3111586570739746
27, 13, 1.3113973140716553
27, 14, 1.311389684677124
27, 15, 1.311438798904419
27, 16, 1.3118449449539185
27, 17, 1.3121346235275269
27, 18, 1.3118892908096313
27, 19, 1.31111741065979
27, 20, 1.3115898370742798
27, 21, 1.3115931749343872
27, 22, 1.3115479946136475
27, 23, 1.3118584156036377
27, 24, 1.3110384941101074
27, 25, 1.3117878437042236
27, 26, 1.31126868724823
27, 27, 1.311245322227478
27, 28, 1.3112783432006836
27, 29, 1.3115841150283813
27, 30, 1.3111995458602905
27, 31, 1.3112415075302124
27, 32, 1.3110448122024536
27, 33, 1.3118672370910645
27, 34, 1.3115631341934204
27, 35, 1.3115512132644653
27, 36, 1.3114092350006104
27, 37, 1.3111129999160767
27, 38, 1.3114376068115234
27, 39, 1.3116439580917358
27, 40, 1.311833381652832
27, 41, 1.3114840984344482
27, 42, 1.3114901781082153
27, 43, 1.311075210571289
27, 44, 1.3114783763885498
27, 45, 1.3114614486694336
27, 46, 1.31116783618927
27, 47, 1.3118990659713745
27, 48, 1.311346173286438
27, 49, 1.3119630813598633
28, 0, 1.3114567995071411
28, 1, 1.3119252920150757
28, 2, 1.3112624883651733
28, 3, 1.311069130897522
28, 4, 1.3112971782684326
28, 5, 1.3118153810501099
28, 6, 1.3118242025375366
28, 7, 1.3111095428466797
28, 8, 1.3115227222442627
28, 9, 1.3114122152328491
28, 10, 1.3123118877410889
28, 11, 1.3115900754928589
28, 12, 1.310645341873169
28, 13, 1.311652421951294
28, 14, 1.3112809658050537
28, 15, 1.311281681060791
28, 16, 1.3116021156311035
28, 17, 1.3110880851745605
28, 18, 1.3113704919815063
28, 19, 1.3119488954544067
28, 20, 1.3117430210113525
28, 21, 1.311606764793396
28, 22, 1.3112603425979614
28, 23, 1.3109641075134277
28, 24, 1.3111048936843872
28, 25, 1.3110905885696411
28, 26, 1.3112972974777222
28, 27, 1.3117491006851196
28, 28, 1.3117631673812866
28, 29, 1.311179518699646
28, 30, 1.3118475675582886
28, 31, 1.3113393783569336
28, 32, 1.310942530632019
28, 33, 1.311486005783081
28, 34, 1.311690092086792
28, 35, 1.311732292175293
28, 36, 1.311234474182129
28, 37, 1.3113073110580444
28, 38, 1.3118444681167603
28, 39, 1.311754822731018
28, 40, 1.3117258548736572
28, 41, 1.3114757537841797
28, 42, 1.3117326498031616
28, 43, 1.3112508058547974
28, 44, 1.3113504648208618
28, 45, 1.3116397857666016
28, 46, 1.3113354444503784
28, 47, 1.3113532066345215
28, 48, 1.3114043474197388
28, 49, 1.3115947246551514
29, 0, 1.3114408254623413
29, 1, 1.3117642402648926
29, 2, 1.3110971450805664
29, 3, 1.3118733167648315
29, 4, 1.3114123344421387
29, 5, 1.3114169836044312
29, 6, 1.3117924928665161
29, 7, 1.311142921447754
29, 8, 1.3117179870605469
29, 9, 1.3108848333358765
29, 10, 1.3116371631622314
29, 11, 1.31119966506958
29, 12, 1.3118259906768799
29, 13, 1.3114078044891357
29, 14, 1.3116754293441772
29, 15, 1.3111573457717896
29, 16, 1.3114588260650635
29, 17, 1.311898112297058
29, 18, 1.3116623163223267
29, 19, 1.3108956813812256
29, 20, 1.3117212057113647
29, 21, 1.3116300106048584
29, 22, 1.3107599020004272
29, 23, 1.3118482828140259
29, 24, 1.3109816312789917
29, 25, 1.311307430267334
29, 26, 1.3112303018569946
29, 27, 1.3111199140548706
29, 28, 1.3115344047546387
29, 29, 1.3114043474197388
29, 30, 1.3116700649261475
29, 31, 1.3113778829574585
29, 32, 1.311740756034851
29, 33, 1.3121850490570068
29, 34, 1.3108900785446167
29, 35, 1.311713695526123
29, 36, 1.311551809310913
29, 37, 1.311753511428833
29, 38, 1.3117460012435913
29, 39, 1.3117605447769165
29, 40, 1.311100959777832
29, 41, 1.3118633031845093
29, 42, 1.3119370937347412
29, 43, 1.3121627569198608
29, 44, 1.3115404844284058
29, 45, 1.3111507892608643
29, 46, 1.3112163543701172
29, 47, 1.3118360042572021
29, 48, 1.3114583492279053
29, 49, 1.3115612268447876
30, 0, 1.311484456062317
30, 1, 1.3111788034439087
30, 2, 1.3114097118377686
30, 3, 1.3118319511413574
30, 4, 1.3115818500518799
30, 5, 1.311216115951538
30, 6, 1.3106144666671753
30, 7, 1.3117835521697998
30, 8, 1.3115135431289673
30, 9, 1.3117642402648926
30, 10, 1.3115860223770142
30, 11, 1.311726450920105
30, 12, 1.3111056089401245
30, 13, 1.3108491897583008
30, 14, 1.3110793828964233
30, 15, 1.3115688562393188
30, 16, 1.3117938041687012
30, 17, 1.3114360570907593
30, 18, 1.3114166259765625
30, 19, 1.3119338750839233
30, 20, 1.3112926483154297
30, 21, 1.3121386766433716
30, 22, 1.3111680746078491
30, 23, 1.3115572929382324
30, 24, 1.3110231161117554
30, 25, 1.3113998174667358
30, 26, 1.3121936321258545
30, 27, 1.3115595579147339
30, 28, 1.3116278648376465
30, 29, 1.311137318611145
30, 30, 1.311435341835022
30, 31, 1.3109816312789917
30, 32, 1.3110830783843994
30, 33, 1.311279296875
30, 34, 1.3111445903778076
30, 35, 1.311944603919983
30, 36, 1.3115826845169067
30, 37, 1.311143159866333
30, 38, 1.311956524848938
30, 39, 1.3113847970962524
30, 40, 1.3115993738174438
30, 41, 1.3110721111297607
30, 42, 1.3114569187164307
30, 43, 1.3104840517044067
30, 44, 1.3116623163223267
30, 45, 1.3114088773727417
30, 46, 1.311409592628479
30, 47, 1.311955451965332
30, 48, 1.312050700187683
30, 49, 1.3112683296203613
31, 0, 1.3108530044555664
31, 1, 1.311247706413269
31, 2, 1.3112032413482666
31, 3, 1.3115549087524414
31, 4, 1.311988115310669
31, 5, 1.3110452890396118
31, 6, 1.3114134073257446
31, 7, 1.3116354942321777
31, 8, 1.3113406896591187
31, 9, 1.3119347095489502
31, 10, 1.311078667640686
31, 11, 1.3115687370300293
31, 12, 1.31206476688385
31, 13, 1.311861515045166
31, 14, 1.3114018440246582
31, 15, 1.3114527463912964
31, 16, 1.311322569847107
31, 17, 1.311602234840393
31, 18, 1.3123732805252075
31, 19, 1.311970829963684
31, 20, 1.3114172220230103
31, 21, 1.311631441116333
31, 22, 1.3116141557693481
31, 23, 1.3119940757751465
31, 24, 1.311978816986084
31, 25, 1.3111367225646973
31, 26, 1.3115286827087402
31, 27, 1.3116282224655151
31, 28, 1.3115302324295044
31, 29, 1.3119580745697021
31, 30, 1.3108117580413818
31, 31, 1.3116587400436401
31, 32, 1.3118542432785034
31, 33, 1.3113868236541748
31, 34, 1.3114320039749146
31, 35, 1.3116459846496582
31, 36, 1.3114672899246216
31, 37, 1.3114820718765259
31, 38, 1.3121024370193481
31, 39, 1.3117841482162476
31, 40, 1.3115100860595703
31, 41, 1.3115425109863281
31, 42, 1.31171715259552
31, 43, 1.311410665512085
31, 44, 1.3106412887573242
31, 45, 1.3108826875686646
31, 46, 1.312119483947754
31, 47, 1.311167597770691
31, 48, 1.3117157220840454
31, 49, 1.3117972612380981
32, 0, 1.3112289905548096
32, 1, 1.3119697570800781
32, 2, 1.3116610050201416
32, 3, 1.3116194009780884
32, 4, 1.3116319179534912
32, 5, 1.3120081424713135
32, 6, 1.3109030723571777
32, 7, 1.3115711212158203
32, 8, 1.311115026473999
32, 9, 1.3111987113952637
32, 10, 1.3117505311965942
32, 11, 1.311402440071106
32, 12, 1.31184983253479
32, 13, 1.3117942810058594
32, 14, 1.3112778663635254
32, 15, 1.3117523193359375
32, 16, 1.311781644821167
32, 17, 1.311514139175415
32, 18, 1.3119083642959595
32, 19, 1.3115633726119995
32, 20, 1.31178879737854
32, 21, 1.311918020248413
32, 22, 1.3117575645446777
32, 23, 1.3114733695983887
32, 24, 1.3114713430404663
32, 25, 1.3111932277679443
32, 26, 1.3111469745635986
32, 27, 1.3116810321807861
32, 28, 1.311436414718628
32, 29, 1.3110853433609009
32, 30, 1.3113088607788086
32, 31, 1.311432123184204
32, 32, 1.3106552362442017
32, 33, 1.3114070892333984
32, 34, 1.3114800453186035
32, 35, 1.3115668296813965
32, 36, 1.3109326362609863
32, 37, 1.3111424446105957
32, 38, 1.311491847038269
32, 39, 1.311301350593567
32, 40, 1.311407446861267
32, 41, 1.3111237287521362
32, 42, 1.3108364343643188
32, 43, 1.3116048574447632
32, 44, 1.3117289543151855
32, 45, 1.3113607168197632
32, 46, 1.3117172718048096
32, 47, 1.3116567134857178
32, 48, 1.3112571239471436
32, 49, 1.31122624874115
33, 0, 1.3112391233444214
33, 1, 1.3111909627914429
33, 2, 1.3114873170852661
33, 3, 1.3108189105987549
33, 4, 1.311293601989746
33, 5, 1.3118890523910522
33, 6, 1.3112627267837524
33, 7, 1.3111826181411743
33, 8, 1.3116692304611206
33, 9, 1.3112982511520386
33, 10, 1.311674952507019
33, 11, 1.310838222503662
33, 12, 1.3118377923965454
33, 13, 1.3121486902236938
33, 14, 1.3114712238311768
33, 15, 1.3114664554595947
33, 16, 1.3109697103500366
33, 17, 1.3117165565490723
33, 18, 1.3119224309921265
33, 19, 1.31179940700531
33, 20, 1.3112760782241821
33, 21, 1.3112438917160034
33, 22, 1.3111766576766968
33, 23, 1.3113056421279907
33, 24, 1.3109477758407593
33, 25, 1.3112317323684692
33, 26, 1.3114174604415894
33, 27, 1.3110835552215576
33, 28, 1.311334490776062
33, 29, 1.3111449480056763
33, 30, 1.3114079236984253
33, 31, 1.3115910291671753
33, 32, 1.3115904331207275
33, 33, 1.3123576641082764
33, 34, 1.3115720748901367
33, 35, 1.3112969398498535
33, 36, 1.311033010482788
33, 37, 1.3111772537231445
33, 38, 1.3112684488296509
33, 39, 1.3113876581192017
33, 40, 1.3120447397232056
33, 41, 1.3113878965377808
33, 42, 1.3110337257385254
33, 43, 1.3120280504226685
33, 44, 1.3109766244888306
33, 45, 1.3116475343704224
33, 46, 1.3120311498641968
33, 47, 1.3113631010055542
33, 48, 1.311916470527649
33, 49, 1.3117276430130005
34, 0, 1.3115836381912231
34, 1, 1.3116958141326904
34, 2, 1.3107637166976929
34, 3, 1.3116166591644287
34, 4, 1.3113863468170166
34, 5, 1.3111733198165894
34, 6, 1.3109691143035889
34, 7, 1.3108935356140137
34, 8, 1.3113571405410767
34, 9, 1.3112637996673584
34, 10, 1.3113635778427124
34, 11, 1.311610460281372
34, 12, 1.3113821744918823
34, 13, 1.311046838760376
34, 14, 1.3118678331375122
34, 15, 1.3114210367202759
34, 16, 1.3116132020950317
34, 17, 1.310999870300293
34, 18, 1.3109101057052612
34, 19, 1.3119381666183472
34, 20, 1.311551809310913
34, 21, 1.3112258911132812
34, 22, 1.3112010955810547
34, 23, 1.31191086769104
34, 24, 1.3118797540664673
34, 25, 1.311691403388977
34, 26, 1.3113869428634644
34, 27, 1.3113231658935547
34, 28, 1.3116739988327026
34, 29, 1.3108506202697754
34, 30, 1.3114855289459229
34, 31, 1.3110443353652954
34, 32, 1.31132173538208
34, 33, 1.3114043474197388
34, 34, 1.3116785287857056
34, 35, 1.3115878105163574
34, 36, 1.3114222288131714
34, 37, 1.311004400253296
34, 38, 1.3112776279449463
34, 39, 1.3121311664581299
34, 40, 1.311816692352295
34, 41, 1.3112658262252808
34, 42, 1.3119502067565918
34, 43, 1.3112534284591675
34, 44, 1.310801386833191
34, 45, 1.311145305633545
34, 46, 1.3112961053848267
34, 47, 1.3115531206130981
34, 48, 1.3112022876739502
34, 49, 1.3108304738998413
35, 0, 1.3114296197891235
35, 1, 1.3115705251693726
35, 2, 1.3112759590148926
35, 3, 1.3115525245666504
35, 4, 1.3112847805023193
35, 5, 1.3109804391860962
35, 6, 1.3122682571411133
35, 7, 1.3114254474639893
35, 8, 1.311870813369751
35, 9, 1.3123090267181396
35, 10, 1.3110471963882446
35, 11, 1.3113943338394165
35, 12, 1.3107240200042725
35, 13, 1.3107901811599731
35, 14, 1.3111933469772339
35, 15, 1.3119663000106812
35, 16, 1.311388611793518
35, 17, 1.3119012117385864
35, 18, 1.3114290237426758
35, 19, 1.311004400253296
35, 20, 1.3110718727111816
35, 21, 1.3115286827087402
35, 22, 1.3110237121582031
35, 23, 1.3117084503173828
35, 24, 1.3108848333358765
35, 25, 1.311387300491333
35, 26, 1.3117793798446655
35, 27, 1.3115981817245483
35, 28, 1.3114829063415527
35, 29, 1.3110665082931519
35, 30, 1.3117979764938354
35, 31, 1.3112818002700806
35, 32, 1.3116270303726196
35, 33, 1.3110837936401367
35, 34, 1.311612606048584
35, 35, 1.3110811710357666
35, 36, 1.3117464780807495
35, 37, 1.3116317987442017
35, 38, 1.3113688230514526
35, 39, 1.3113938570022583
35, 40, 1.3107434511184692
35, 41, 1.311364769935608
35, 42, 1.3117612600326538
35, 43, 1.311274766921997
35, 44, 1.3115108013153076
35, 45, 1.3108627796173096
35, 46, 1.3113454580307007
35, 47, 1.3116620779037476
35, 48, 1.3113970756530762
35, 49, 1.311519742012024
36, 0, 1.3114399909973145
36, 1, 1.3106038570404053
36, 2, 1.3109266757965088
36, 3, 1.3105826377868652
36, 4, 1.3115339279174805
36, 5, 1.3112534284591675
36, 6, 1.3116244077682495
36, 7, 1.311678171157837
36, 8, 1.3114399909973145
36, 9, 1.3110027313232422
36, 10, 1.3111969232559204
36, 11, 1.3110696077346802
36, 12, 1.3116446733474731
36, 13, 1.311495304107666
36, 14, 1.3109171390533447
36, 15, 1.3109480142593384
36, 16, 1.3116850852966309
36, 17, 1.3109004497528076
36, 18, 1.311449408531189
36, 19, 1.310840129852295
36, 20, 1.3107661008834839
36, 21, 1.310995101928711
36, 22, 1.3118618726730347
36, 23, 1.3109084367752075
36, 24, 1.311274528503418
36, 25, 1.3109174966812134
36, 26, 1.3114254474639893
36, 27, 1.3112074136734009
36, 28, 1.3111954927444458
36, 29, 1.3115564584732056
36, 30, 1.3114577531814575
36, 31, 1.3110153675079346
36, 32, 1.3112400770187378
36, 33, 1.3110249042510986
36, 34, 1.3112761974334717
36, 35, 1.3113834857940674
36, 36, 1.311275601387024
36, 37, 1.3104701042175293
36, 38, 1.3107177019119263
36, 39, 1.3118165731430054
36, 40, 1.3117594718933105
36, 41, 1.3115218877792358
36, 42, 1.311035394668579
36, 43, 1.3109972476959229
36, 44, 1.3115828037261963
36, 45, 1.3114579916000366
36, 46, 1.3109819889068604
36, 47, 1.3116002082824707
36, 48, 1.3113785982131958
36, 49, 1.3119218349456787
37, 0, 1.311423897743225
37, 1, 1.3109983205795288
37, 2, 1.3115742206573486
37, 3, 1.3116005659103394
37, 4, 1.3113093376159668
37, 5, 1.3113560676574707
37, 6, 1.3118547201156616
37, 7, 1.3115999698638916
37, 8, 1.3115928173065186
37, 9, 1.3112139701843262
37, 10, 1.3121120929718018
37, 11, 1.3119111061096191
37, 12, 1.3108664751052856
37, 13, 1.3111262321472168
37, 14, 1.3110439777374268
37, 15, 1.3113389015197754
37, 16, 1.3104488849639893
37, 17, 1.3118913173675537
37, 18, 1.310728669166565
37, 19, 1.3111395835876465
37, 20, 1.31071138381958
37, 21, 1.311322569847107
37, 22, 1.3113925457000732
37, 23, 1.311093807220459
37, 24, 1.3112115859985352
37, 25, 1.311700463294983
37, 26, 1.3110326528549194
37, 27, 1.3119516372680664
37, 28, 1.3115894794464111
37, 29, 1.3115812540054321
37, 30, 1.3115075826644897
37, 31, 1.3119354248046875
37, 32, 1.311476707458496
37, 33, 1.3114134073257446
37, 34, 1.3115055561065674
37, 35, 1.3117008209228516
37, 36, 1.3116204738616943
37, 37, 1.3114631175994873
37, 38, 1.311647891998291
37, 39, 1.3115653991699219
37, 40, 1.3114964962005615
37, 41, 1.3113017082214355
37, 42, 1.3112314939498901
37, 43, 1.3118757009506226
37, 44, 1.3111110925674438
37, 45, 1.311755895614624
37, 46, 1.3118892908096313
37, 47, 1.312272071838379
37, 48, 1.3109270334243774
37, 49, 1.3113903999328613
38, 0, 1.3111519813537598
38, 1, 1.3112492561340332
38, 2, 1.3115006685256958
38, 3, 1.3120583295822144
38, 4, 1.3113900423049927
38, 5, 1.311920404434204
38, 6, 1.3113362789154053
38, 7, 1.3112069368362427
38, 8, 1.3118371963500977
38, 9, 1.3116374015808105
38, 10, 1.3109683990478516
38, 11, 1.3115568161010742
38, 12, 1.3111387491226196
38, 13, 1.310910701751709
38, 14, 1.3111361265182495
38, 15, 1.3112666606903076
38, 16, 1.3115559816360474
38, 17, 1.3114615678787231
38, 18, 1.3115395307540894
38, 19, 1.3116403818130493
38, 20, 1.3116446733474731
38, 21, 1.3116728067398071
38, 22, 1.3113020658493042
38, 23, 1.311204195022583
38, 24, 1.3111495971679688
38, 25, 1.3109850883483887
38, 26, 1.311640977859497
38, 27, 1.3116369247436523
38, 28, 1.3114806413650513
38, 29, 1.3114923238754272
38, 30, 1.3117364645004272
38, 31, 1.3123245239257812
38, 32, 1.3113362789154053
38, 33, 1.3114778995513916
38, 34, 1.311357021331787
38, 35, 1.3105247020721436
38, 36, 1.3109015226364136
38, 37, 1.311315655708313
38, 38, 1.311496615409851
38, 39, 1.3119477033615112
38, 40, 1.3111809492111206
38, 41, 1.311555027961731
38, 42, 1.3116623163223267
38, 43, 1.3115599155426025
38, 44, 1.311322569847107
38, 45, 1.310688853263855
38, 46, 1.3118934631347656
38, 47, 1.3114573955535889
38, 48, 1.311777114868164
38, 49, 1.3109614849090576
39, 0, 1.311324954032898
39, 1, 1.3112339973449707
39, 2, 1.310808777809143
39, 3, 1.3119165897369385
39, 4, 1.3112211227416992
39, 5, 1.3117278814315796
39, 6, 1.3108124732971191
39, 7, 1.3115804195404053
39, 8, 1.3113209009170532
39, 9, 1.310221791267395
39, 10, 1.3112971782684326
39, 11, 1.3111788034439087
39, 12, 1.311509370803833
39, 13, 1.3110688924789429
39, 14, 1.3114738464355469
39, 15, 1.3112975358963013
39, 16, 1.3111915588378906
39, 17, 1.3113259077072144
39, 18, 1.311009407043457
39, 19, 1.3113610744476318
39, 20, 1.3115322589874268
39, 21, 1.310884714126587
39, 22, 1.3112988471984863
39, 23, 1.3114720582962036
39, 24, 1.3115479946136475
39, 25, 1.3112021684646606
39, 26, 1.3114513158798218
39, 27, 1.3111191987991333
39, 28, 1.311653733253479
39, 29, 1.310688853263855
39, 30, 1.3113391399383545
39, 31, 1.3119200468063354
39, 32, 1.311255931854248
39, 33, 1.3116389513015747
39, 34, 1.3116687536239624
39, 35, 1.3116028308868408
39, 36, 1.3112449645996094
39, 37, 1.311442255973816
39, 38, 1.311429738998413
39, 39, 1.3114985227584839
39, 40, 1.3110241889953613
39, 41, 1.312193751335144
39, 42, 1.311221957206726
39, 43, 1.3113614320755005
39, 44, 1.3112595081329346
39, 45, 1.3121261596679688
39, 46, 1.311955213546753
39, 47, 1.3110411167144775
39, 48, 1.3113157749176025
39, 49, 1.31199049949646
